market_id,market_label,binance_call_symbol,side_poly,side_label,entry_ts,exit_ts,hold_hours,entry_D,exit_D,entry_band,p_poly_entry,p_poly_exit,p_fair_entry,proxy_exit_value,q_call,x_spot_entry,gross_pnl,net_pnl,poly_gross_pnl,proxy_gross_pnl,entry_cost,rebalance_cost,exit_cost,capital_abs,gross_return,net_return,n_rehedges,exit_reason,entry_dt,exit_dt
251932,"BTC above $28,000 at end of August",BTC-1SEP23-28000-C,-1,short_yes_long_proxy,1692226800,1692262800,10.0,0.11266156734579891,0.00820511961198267,0.010409677122681824,0.75,0.63,0.6373384326542011,0.620959344581614,-0.00020897512029021694,0.00032734463576424813,0.10362091192741285,0.07842653394747322,0.12,-0.016379088072587145,0.011907479071574564,0.0012560706157957614,0.012030828292569308,10.408377515788219,0.00995552974229007,0.007534943253980736,9,neutral_band,2023-08-16 23:00:00+00:00,2023-08-17 09:00:00+00:00
251932,"BTC above $28,000 at end of August",BTC-1SEP23-28000-C,-1,short_yes_long_proxy,1692266400,1692306000,11.0,0.025265789603177602,0.0663670503191709,0.00967827145156983,0.63,0.19999999999999996,0.6047342103968224,-0.006854225347982634,-0.00017338055700560505,0.0003148719777889221,-0.181588435744805,-0.2055213297946088,0.43000000000000005,-0.611588435744805,0.01163852560552333,0.001424292372230705,0.01087007607204977,9.794354923952469,-0.018540111845520683,-0.020983651439054812,10,neutral_band,2023-08-17 10:00:00+00:00,2023-08-17 21:00:00+00:00
251932,"BTC above $28,000 at end of August",BTC-1SEP23-28000-C,1,long_yes_short_proxy,1692309600,1692313200,1.0,-0.07931551298853395,0.02132767340688574,0.025653784456414398,0.21999999999999997,0.3099998294999233,0.2993155129885339,0.287863780304793,0.00016658379167364335,9.005387403959966e-05,0.10145156218366425,0.084900387992707,0.0899998294999233,0.011451732683740945,0.008277866888334175,0.0,0.008273307302623071,2.722172423299105,0.0372686025746713,0.03118846817565397,0,convergence,2023-08-17 22:00:00+00:00,2023-08-17 23:00:00+00:00
251932,"BTC above $28,000 at end of August",BTC-1SEP23-28000-C,-1,short_yes_long_proxy,1692324000,1692327600,1.0,0.021529161279332215,-0.013991260583735288,0.013504588698707291,0.25,0.19999999999999996,0.22847083872066778,0.2140885041910976,0.00028722384551264316,7.230659338849499e-05,0.035617665470429855,0.019560313167094046,0.050000000000000044,-0.01438233452957019,0.008033454709058146,0.0,0.00802389759427766,2.2598635311292186,0.015760980687463132,0.008655528485527647,0,convergence,2023-08-18 02:00:00+00:00,2023-08-18 03:00:00+00:00
251932,"BTC above $28,000 at end of August",BTC-1SEP23-28000-C,-1,short_yes_long_proxy,1692334800,1692342000,2.0,0.03850931243085723,0.005677625688140064,0.008746350161375453,0.26,0.22440251572327044,0.22149068756914278,0.2184428882648708,0.00029825279748862374,6.991170333331553e-05,0.03254968497245758,0.016464639401976913,0.03559748427672957,-0.0030477993042719864,0.007999993164753968,4.3306900480027114e-05,0.008041745505246674,2.2032053198254076,0.014773786482612966,0.00747303905533491,1,neutral_band,2023-08-18 05:00:00+00:00,2023-08-18 07:00:00+00:00
251932,"BTC above $28,000 at end of August",BTC-1SEP23-28000-C,-1,short_yes_long_proxy,1692345600,1692352800,2.0,0.3219312102027039,0.002409184915766527,0.011959839520989314,0.5499980749874874,0.22000052000051995,0.22806686478478355,0.2171686392013723,0.00031299345555015306,7.725142960365579e-05,0.31909932940355623,0.3028984126131206,0.3299975549869675,-0.010898225583411247,0.00810325117233359,0.00010377494244294165,0.007993890675659114,2.6990946342650157,0.11822457995825308,0.11222222769362149,1,neutral_band,2023-08-18 08:00:00+00:00,2023-08-18 10:00:00+00:00
251932,"BTC above $28,000 at end of August",BTC-1SEP23-28000-C,-1,short_yes_long_proxy,1692360000,1692374400,4.0,0.037906493895205895,0.0038186526528612708,0.008734779654208156,0.25,0.17000000000000004,0.2120935061047941,0.16491846021490897,0.00029605618925716945,6.381837676212281e-05,0.03282495411011482,0.016937038094992772,0.07999999999999996,-0.04717504588988514,0.00791437693701914,0.00014157604941757116,0.00783196302868534,2.022667094785791,0.01622855001435178,0.008373616270643132,3,neutral_band,2023-08-18 12:00:00+00:00,2023-08-18 16:00:00+00:00
251932,"BTC above $28,000 at end of August",BTC-1SEP23-28000-C,-1,short_yes_long_proxy,1692378000,1692381600,1.0,0.01837152455104843,0.003148372460172244,0.012352109676992622,0.18999987839995622,0.18999999987495886,0.1716283538489078,0.18690729046885268,0.00035028353483841537,4.9149733777090494e-05,0.015278815144942254,-0.00014752261340586926,-1.2147500264014788e-07,0.015278936619944894,0.007707917432390468,0.0,0.007718420325957655,1.5539406928631752,0.009832302619471692,-9.49345197557412e-05,0,neutral_band,2023-08-18 17:00:00+00:00,2023-08-18 18:00:00+00:00
251932,"BTC above $28,000 at end of August",BTC-1SEP23-28000-C,-1,short_yes_long_proxy,1692392400,1692399600,2.0,0.010780646075696176,-0.008499424799457866,0.008682280929954224,0.18999999710343496,0.17000000000000004,0.17921935102773878,0.17856614076771904,0.00033866149622072166,5.177072730762378e-05,0.019346786843415176,0.0038490798822519556,0.01999999710343492,-0.0006532102600197431,0.007744947968305446,4.071415782072915e-06,0.007748687577075702,1.6269590779170722,0.011891378895764275,0.00236581235170326,1,neutral_band,2023-08-18 21:00:00+00:00,2023-08-18 23:00:00+00:00
251932,"BTC above $28,000 at end of August",BTC-1SEP23-28000-C,1,long_yes_short_proxy,1692403200,1692406800,1.0,-0.011122710731636704,0.0032697984578731742,0.008687277512706685,0.17000000000000004,0.15000000000000002,0.18112271073163674,0.1501503569022158,0.00034010292378123874,5.3000173513474246e-05,0.010972353829420939,-0.004528781172957745,-0.020000000000000018,0.030972353829420957,0.007762329714369671,0.0,0.007738805288009013,1.6414227779769415,0.00668466039136145,-0.002759058320452627,0,neutral_band,2023-08-19 00:00:00+00:00,2023-08-19 01:00:00+00:00
251932,"BTC above $28,000 at end of August",BTC-1SEP23-28000-C,-1,short_yes_long_proxy,1692410400,1692414000,1.0,0.009784436172053268,0.006091645817680957,0.008582554700913056,0.15000000000000002,0.15000000000000002,0.14021556382794675,0.1441140381963213,0.00046309464721492797,4.377277412613189e-05,0.003898474368374538,-0.011368431213083115,-0.0,0.003898474368374538,0.007631595723745102,0.0,0.007635309857712553,1.3662381654354194,0.002853436880188526,-0.008320973239288775,0,neutral_band,2023-08-19 02:00:00+00:00,2023-08-19 03:00:00+00:00
251932,"BTC above $28,000 at end of August",BTC-1SEP23-28000-C,-1,short_yes_long_proxy,1692421200,1692424800,1.0,0.009375159138852035,-0.012544789132881456,0.008582209270032688,0.15000000000000002,0.12,0.140624840861148,0.13263461394217213,0.00043173642976235336,4.1597558979525375e-05,0.02200977308102417,0.006813684910470629,0.030000000000000027,-0.007990226918975857,0.007600901151746398,0.0,0.007595187018807144,1.3048697472908342,0.01686741004358541,0.005221735674857338,0,neutral_band,2023-08-19 05:00:00+00:00,2023-08-19 06:00:00+00:00
251932,"BTC above $28,000 at end of August",BTC-1SEP23-28000-C,1,long_yes_short_proxy,1692428400,1692435600,2.0,-0.015591630886842706,0.025421164394720447,0.008566499676987574,0.12,0.15000000000000002,0.1355916308868427,0.12542756349088746,0.00045529247400188233,4.0961486571220736e-05,0.040164067395955266,0.0248952022439112,0.030000000000000027,0.01016406739595524,0.007591781465627958,4.694456848438375e-05,0.007630139117931724,1.2575729506366602,0.03193776343203133,0.019796229102500756,1,convergence,2023-08-19 07:00:00+00:00,2023-08-19 09:00:00+00:00
251932,"BTC above $28,000 at end of August",BTC-1SEP23-28000-C,-1,short_yes_long_proxy,1692439200,1692442800,1.0,0.026740057500717562,-0.0028430300188009294,0.008523546557143552,0.15000000000000002,0.12,0.12325994249928246,0.1228832580839605,0.0005078027502003195,3.852036936106985e-05,0.029623315584678067,0.014509813637333576,0.030000000000000027,-0.0003766844153219595,0.007556847698997763,0.0,0.00755665424834673,1.2202826045669113,0.02427578289964367,0.011890535506308584,0,neutral_band,2023-08-19 10:00:00+00:00,2023-08-19 11:00:00+00:00
251932,"BTC above $28,000 at end of August",BTC-1SEP23-28000-C,1,long_yes_short_proxy,1692457200,1692464400,2.0,-0.03633430152919795,0.030055663740336025,0.013771365039611854,0.12,0.17999997551999844,0.15633430152919794,0.15000549969671373,0.00045568155671723713,5.212472372788622e-05,0.06632877735248266,0.05083217921330543,0.059999975519998444,0.0063288018324842155,0.007749934699354806,2.0702314191037024e-05,0.007725961125631389,1.569709932376872,0.04225543585116194,0.032383167211240606,1,convergence,2023-08-19 15:00:00+00:00,2023-08-19 17:00:00+00:00
251932,"BTC above $28,000 at end of August",BTC-1SEP23-28000-C,1,long_yes_short_proxy,1692468000,1692471600,1.0,-0.012834589445077177,0.027431064143266987,0.008562233562410614,0.12000049280070968,0.16000000000000003,0.13283508224578686,0.1326129066014483,0.0005303785703723436,4.517246625814823e-05,0.0402216828436289,0.024919481069862564,0.03999950719929035,0.00022217564433854586,0.007651156956655556,0.0,0.007651044817110781,1.3765803923671842,0.02921854986940734,0.018102452430700924,0,convergence,2023-08-19 18:00:00+00:00,2023-08-19 19:00:00+00:00
251932,"BTC above $28,000 at end of August",BTC-1SEP23-28000-C,-1,short_yes_long_proxy,1692475200,1692486000,3.0,0.03079937127117388,-0.0009766275238191069,0.008548588404720238,0.16000000000000003,0.16,0.12920062872882615,0.16503177820744508,0.0005223933780207142,4.270110503748386e-05,0.03583114947861896,0.020538864716219817,2.7755575615628914e-17,0.03583114947861893,0.007616165042977181,3.606486826515843e-05,0.0076400548511568,1.347414781671147,0.02659251625114202,0.015243164165637434,2,neutral_band,2023-08-19 20:00:00+00:00,2023-08-19 23:00:00+00:00
251932,"BTC above $28,000 at end of August",BTC-1SEP23-28000-C,-1,short_yes_long_proxy,1692496800,1692536400,11.0,0.01667078881411685,0.004603101848166813,0.008597172416838647,0.16,0.15000000000000002,0.14332921118588315,0.14594290087121542,0.00047013555012312424,4.645514407760807e-05,0.012613689685332247,-0.0030175675827362304,0.009999999999999981,0.0026136896853322655,0.007669699851337353,0.00023096699690614114,0.007730590419824983,1.4515693576643875,0.008689691345942985,-0.002078831140105888,10,neutral_band,2023-08-20 02:00:00+00:00,2023-08-20 13:00:00+00:00
251932,"BTC above $28,000 at end of August",BTC-1SEP23-28000-C,-1,short_yes_long_proxy,1692540000,1692579600,11.0,0.024580656770452264,0.0011371813380990081,0.00857300567463597,0.16,0.14,0.13541934322954774,0.13877535281267428,0.0004942523127615712,4.440544657843507e-05,0.02335600958312653,0.007701800061407486,0.01999999999999999,0.00335600958312654,0.007640587740589267,0.0003246559386910743,0.007688965842438702,1.394795140700375,0.016745118262599244,0.0055218145207619135,10,neutral_band,2023-08-20 14:00:00+00:00,2023-08-21 01:00:00+00:00
251932,"BTC above $28,000 at end of August",BTC-1SEP23-28000-C,1,long_yes_short_proxy,1692590400,1692604800,4.0,-0.027449640609358117,0.006489807359147004,0.008571465396403813,0.10685307424163762,0.14,0.13430271485099574,0.13356082874850417,0.0004933810405299298,4.4114860655971246e-05,0.03388881186085396,0.018569630440793083,0.033146925758362394,0.0007418861024915679,0.0076365448947747746,7.399517337593016e-05,0.007608641351910178,1.3336549400069577,0.025410479760737185,0.013923864324827683,3,neutral_band,2023-08-21 04:00:00+00:00,2023-08-21 08:00:00+00:00
251932,"BTC above $28,000 at end of August",BTC-1SEP23-28000-C,1,long_yes_short_proxy,1692622800,1692630000,2.0,-0.013245983891688073,0.010180435459083342,0.00860351235077778,0.13,0.15,0.14324598389168808,0.1403525725437913,0.0004731490430598946,4.758763038047653e-05,0.02289341134789677,0.007521327554350612,0.01999999999999999,0.0028934113478967793,0.007685930100629982,4.768880198131804e-05,0.0076384648909348565,1.453649460213298,0.01574892157600193,0.005174099919004535,1,convergence,2023-08-21 13:00:00+00:00,2023-08-21 15:00:00+00:00
252015,"BTC above $26,000 at end of August",BTC-1SEP23-26000-C,-1,short_yes_long_proxy,1692648000,1692676800,8.0,0.07647585963603476,0.00243286763930034,0.00833630722548415,0.599999939999976,0.5,0.5235240803639413,0.5003563454238318,-7.206432699055545e-05,0.0002927103936019249,0.07683220505986654,0.05439350133446751,0.09999993999997603,-0.023167734940109486,0.010864604654503864,0.0006194744306221499,0.010954624640273018,8.297030815478655,0.009260204857445031,0.006555779114739802,7,neutral_band,2023-08-21 20:00:00+00:00,2023-08-22 04:00:00+00:00
251932,"BTC above $28,000 at end of August",BTC-1SEP23-28000-C,-1,short_yes_long_proxy,1692637200,1692680400,12.0,0.011016912883643482,-0.054252910763043394,0.00858923494977834,0.15,0.07065104632445,0.1389830871163565,0.1258296262316767,0.0004661871014354121,4.486454336341726e-05,0.06619549279087018,0.05054538985864043,0.07934895367554999,-0.013153460884679807,0.0076473985280682095,0.0003178913737169489,0.007684813030444599,1.3974429591497182,0.04736901235034823,0.03616991271643392,11,convergence,2023-08-21 17:00:00+00:00,2023-08-22 05:00:00+00:00
252015,"BTC above $26,000 at end of August",BTC-1SEP23-26000-C,1,long_yes_short_proxy,1692680400,1692684000,1.0,-0.21453552267015275,0.08801034942648966,0.008106126975583597,0.29180389916641225,0.5999939997599903,0.506339421836565,0.5119959048567804,-4.703043428780308e-05,0.0003014994688370218,0.3025336175733627,0.28063097064147247,0.3081901005935781,-0.005656483020215375,0.010949485618234247,0.0,0.010953161313656017,8.17240751709989,0.03701890990388615,0.03433883712410109,0,convergence,2023-08-22 05:00:00+00:00,2023-08-22 06:00:00+00:00
251932,"BTC above $28,000 at end of August",BTC-1SEP23-28000-C,1,long_yes_short_proxy,1692684000,1692691200,2.0,-0.01577107038908343,-0.003941456960468118,0.008546202024256287,0.10999999999999999,0.11000000263703757,0.12577107038908342,0.11448777098804097,0.0005206681198093641,4.2344838255381544e-05,0.011283302038080034,-0.003985308519557498,2.6370375882933672e-09,0.011283299401042446,0.007611396473360305,2.7357503971810663e-05,0.0076298565803054165,1.2880208252652332,0.008760186028635477,-0.0030941336051277203,1,neutral_band,2023-08-22 06:00:00+00:00,2023-08-22 08:00:00+00:00
251932,"BTC above $28,000 at end of August",BTC-1SEP23-28000-C,-1,short_yes_long_proxy,1692698400,1692705600,2.0,0.016818123731013893,0.0069317729174589865,0.008497663765455212,0.12999980239990516,0.12000002646626406,0.11318167866889127,0.11320719887409214,0.0005701302006184671,3.896417568235517e-05,0.010025296138841969,-0.005115200921727998,0.009999775933641097,2.5520205200871282e-05,0.0075630487402693165,7.190495390353739e-06,0.007570257824910297,1.2142374570112255,0.008256454354092032,-0.004212685823676339,1,neutral_band,2023-08-22 10:00:00+00:00,2023-08-22 12:00:00+00:00
251932,"BTC above $28,000 at end of August",BTC-1SEP23-28000-C,-1,short_yes_long_proxy,1692709200,1692712800,1.0,0.025977206326969635,0.006404290537185914,0.008501255025731617,0.13999999595459234,0.12,0.1140227896276227,0.11366881310427646,0.0005506156649576707,3.837009071759557e-05,0.019646019431246095,0.004536703833642156,0.019999995954592342,-0.0003539765233462472,0.0075547485085017225,0.0,0.007554567089102216,1.2074217114141395,0.016271050326100697,0.003757348232813158,0,neutral_band,2023-08-22 13:00:00+00:00,2023-08-22 14:00:00+00:00
251932,"BTC above $28,000 at end of August",BTC-1SEP23-28000-C,-1,short_yes_long_proxy,1692716400,1692720000,1.0,0.017470012587321518,-0.02182137952207379,0.008558240896218684,0.12,0.08999999999999997,0.10252998741267848,0.11183135135514699,0.000584893179997056,3.449052885334759e-05,0.03930136394246854,0.024296232398305723,0.030000000000000027,0.009301363942468513,0.00749929356708243,0.0,0.007505837977080391,1.0794619039199764,0.03640829176069011,0.022507725664125774,0,convergence,2023-08-22 15:00:00+00:00,2023-08-22 16:00:00+00:00
251932,"BTC above $28,000 at end of August",BTC-1SEP23-28000-C,-1,short_yes_long_proxy,1692738000,1692745200,2.0,0.015494235427021733,-0.011408472069358383,0.011117471917531725,0.08999999999999997,0.08999999999999997,0.07450576457297824,0.10085725701802195,0.0006465672528273255,2.3977241111932643e-05,0.026351492445043714,0.011507126127393633,-0.0,0.026351492445043714,0.007348698717830431,6.450623096297812e-05,0.007431161368856674,0.7565449468278177,0.034831364026070295,0.01521010242106943,1,convergence,2023-08-22 21:00:00+00:00,2023-08-22 23:00:00+00:00
251932,"BTC above $28,000 at end of August",BTC-1SEP23-28000-C,1,long_yes_short_proxy,1692748800,1692752400,1.0,-0.014371559018160188,-0.007945107701991722,0.008463369626478668,0.08999999999999997,0.08999999999999997,0.10437155901816016,0.09820567048708928,0.0006066530282175782,3.6857605542737037e-05,0.006165888531070876,-0.008894883645612379,0.0,0.006165888531070876,0.0075328726646722586,0.0,0.007527899512010996,1.115943151755797,0.005525271176555564,-0.007970731870720647,0,neutral_band,2023-08-23 00:00:00+00:00,2023-08-23 01:00:00+00:00
251932,"BTC above $28,000 at end of August",BTC-1SEP23-28000-C,1,long_yes_short_proxy,1692784800,1692788400,1.0,-0.00932820693182164,0.0007474856220764381,0.008395143122140443,0.07999999999999996,0.07999999999999996,0.0893282069318216,0.07955808556819555,0.000654960681149859,3.174169470159098e-05,0.009770121363626053,-0.00514172367484056,0.0,0.009770121363626053,0.007459650388692588,0.0,0.007452194649774025,0.9635921900567491,0.010139269977946437,-0.005335995588069001,0,neutral_band,2023-08-23 10:00:00+00:00,2023-08-23 11:00:00+00:00
251932,"BTC above $28,000 at end of August",BTC-1SEP23-28000-C,-1,short_yes_long_proxy,1692792000,1692795600,1.0,0.02089587764719808,0.0011571552386187983,0.008288707851830602,0.08999918999919,0.08999918999919,0.06910331235199192,0.08886598577607308,0.0007276986387781099,2.4393105919790484e-05,0.019762673424081154,0.005039881552929402,-0.0,0.019762673424081154,0.007354133591100543,0.0,0.007368658280051209,0.7689439010904385,0.025701060111219722,0.006554290300999009,0,neutral_band,2023-08-23 12:00:00+00:00,2023-08-23 13:00:00+00:00
252015,"BTC above $26,000 at end of August",BTC-1SEP23-26000-C,-1,short_yes_long_proxy,1692687600,1692806400,33.0,0.07450340261397925,-0.012976165698068254,0.008329360799990682,0.5999939997599903,0.5999999759999961,0.5254905971460111,0.6033163963395332,-7.95358213768248e-05,0.0003281254259076957,0.0778198229535163,0.04873587270779321,-5.976240005756139e-06,0.07782579919352206,0.01132446770345116,0.006215447829672312,0.011544034712599623,9.217167758662871,0.00844292140396125,0.005287510652281249,32,neutral_band,2023-08-22 07:00:00+00:00,2023-08-23 16:00:00+00:00
251932,"BTC above $28,000 at end of August",BTC-1SEP23-28000-C,1,long_yes_short_proxy,1692802800,1692806400,1.0,-0.02058726363546111,0.019872283940306962,0.008514010286182646,0.09449494409601067,0.16,0.11508220773147178,0.13884834191559947,0.0005811782251631464,4.183515071512878e-05,0.04173892171986164,0.026515350970732196,0.06550505590398933,-0.023766134184127694,0.007603895783953666,0.0,0.00761967496517578,1.2594458948323841,0.033140702503474,0.02105318781817225,0,convergence,2023-08-23 15:00:00+00:00,2023-08-23 16:00:00+00:00
251932,"BTC above $28,000 at end of August",BTC-1SEP23-28000-C,-1,short_yes_long_proxy,1692810000,1692813600,1.0,0.03063949954730183,-0.0007731820003911982,0.008643478365365158,0.18,0.17000000000000004,0.14936050045269816,0.17446391151736695,0.0005776695148171806,6.306460468183709e-05,0.035103411064668744,0.01927256521002288,0.009999999999999953,0.02510341106466879,0.007904597831775918,0.0,0.007926248022869944,1.9385869616299267,0.018107730919202338,0.009941553095879112,0,neutral_band,2023-08-23 17:00:00+00:00,2023-08-23 18:00:00+00:00
252015,"BTC above $26,000 at end of August",BTC-1SEP23-26000-C,-1,short_yes_long_proxy,1692813600,1692817200,1.0,0.02736170595949783,-0.05873718884927892,0.009922806348982292,0.6497948016415869,0.6497948016415869,0.622433095682089,0.6930695811374843,-0.0002359127197763895,0.00041195362658639155,0.07063648545539525,0.045357108848263494,-0.0,0.07063648545539525,0.012621103860129657,0.0,0.0126582727470021,11.764634140961963,0.006004137877050845,0.003855377762266287,0,convergence,2023-08-23 18:00:00+00:00,2023-08-23 19:00:00+00:00
252015,"BTC above $26,000 at end of August",BTC-1SEP23-26000-C,1,long_yes_short_proxy,1692820800,1692824400,1.0,-0.0322497630086257,0.07771971223687268,0.01127964498725377,0.6497948016415869,0.6497948016415869,0.6820445646502126,0.537621814806915,-0.0003848330436380796,0.0005487172692609666,0.14442274984329762,0.11535018021878686,0.0,0.14442274984329762,0.014574665128343375,0.0,0.014497904496167375,15.59034635909311,0.009263601110379608,0.007398820883251806,0,convergence,2023-08-23 20:00:00+00:00,2023-08-23 21:00:00+00:00
251932,"BTC above $28,000 at end of August",BTC-1SEP23-28000-C,-1,short_yes_long_proxy,1692820800,1692842400,6.0,0.01855705751044981,0.008187396566562116,0.00874481398860189,0.20999999999999996,0.16,0.19144294248955016,0.15128504258703646,0.0004179686654671732,7.412177825088191e-05,0.009842100097486262,-0.00651322405653305,0.04999999999999996,-0.0401578999025137,0.008061182404490129,0.0003071858816204283,0.007986955867908754,2.2756759696641424,0.004324912785777149,-0.0028621052132893547,5,neutral_band,2023-08-23 20:00:00+00:00,2023-08-24 02:00:00+00:00
252015,"BTC above $26,000 at end of August",BTC-1SEP23-26000-C,-1,short_yes_long_proxy,1692828000,1692864000,10.0,0.033486230874143263,0.005571843086171868,0.01663199969383628,0.6497948016415869,0.6497948016415869,0.6163085707674436,0.6380823723163545,-0.00022260868793538193,0.0004000114944096901,0.021773801548910843,-0.005335510162778167,-0.0,0.021773801548910843,0.012450305608016382,0.0018642446718653031,0.012794761431807324,11.430290821838177,0.0019049210460429266,-0.000466786912594069,9,neutral_band,2023-08-23 22:00:00+00:00,2023-08-24 08:00:00+00:00
252015,"BTC above $26,000 at end of August",BTC-1SEP23-26000-C,-1,short_yes_long_proxy,1692867600,1692871200,1.0,0.028379018022449354,0.007829261075900873,0.009877142989540197,0.6497948016415869,0.6497948016415869,0.6214157836191375,0.6403659600289178,-0.00024172957879631693,0.00042804263479342595,0.01895017640978025,-0.006700890130891569,-0.0,0.01895017640978025,0.012824788060473609,0.0,0.012826278480198211,12.174742343216392,0.001556515602183486,-0.0005503927674186237,0,neutral_band,2023-08-24 09:00:00+00:00,2023-08-24 10:00:00+00:00
251932,"BTC above $28,000 at end of August",BTC-1SEP23-28000-C,1,long_yes_short_proxy,1692874800,1692878400,1.0,-0.01081039566368902,-0.007431848254737722,0.008680014912777137,0.15,0.15,0.16081039566368902,0.15748795201945498,0.00047550510093620897,6.166054788729635e-05,0.0033224436442340355,-0.012446862988900638,0.0,0.0033224436442340355,0.007885507390681314,0.0,0.00788379924245336,1.8682138865959983,0.0017784064598126577,-0.006662440033340934,0,neutral_band,2023-08-24 11:00:00+00:00,2023-08-24 12:00:00+00:00
251932,"BTC above $28,000 at end of August",BTC-1SEP23-28000-C,-1,short_yes_long_proxy,1692885600,1692903600,5.0,0.027199257419369766,-0.012461553766378197,0.011218300628807453,0.15,0.08999999999999997,0.12280074258063023,0.1027558175846599,0.0005235966345726353,4.354783657215231e-05,0.0399550750040297,0.02449076402665572,0.060000000000000026,-0.020044924995970326,0.0076287661931896044,0.00021723130921930426,0.007618313474965073,1.3624108180789494,0.02932674526202593,0.017976049295607196,4,convergence,2023-08-24 14:00:00+00:00,2023-08-24 19:00:00+00:00
251932,"BTC above $28,000 at end of August",BTC-1SEP23-28000-C,1,long_yes_short_proxy,1692907200,1692914400,2.0,-0.012034189161778841,-0.004188473507531668,0.008466294943516499,0.08999999999999997,0.09989178356413642,0.10203418916177881,0.10435623525891269,0.0005820450819887857,3.650526597915391e-05,0.0075697374670025686,-0.007593346360134163,0.009891783564136447,-0.0023220460971338786,0.007528182347971144,5.296767527647836e-05,0.00758193380388911,1.106386999331297,0.006841853231805631,-0.006863191961514009,1,neutral_band,2023-08-24 20:00:00+00:00,2023-08-24 22:00:00+00:00
251932,"BTC above $28,000 at end of August",BTC-1SEP23-28000-C,-1,short_yes_long_proxy,1692918000,1692925200,2.0,0.030416992699113604,-0.01172096793740049,0.0085025048238173,0.14,0.09615384832655338,0.10958300730088641,0.10811939907184798,0.0005964968881054253,4.159539774088757e-05,0.0423825434444082,0.027182281450739275,0.04384615167344663,-0.0014636082290384322,0.007600507361893204,2.8202066481708954e-05,0.007571552565294015,1.2988644343573692,0.032630459594790225,0.02092772789193206,1,convergence,2023-08-24 23:00:00+00:00,2023-08-25 01:00:00+00:00
251932,"BTC above $28,000 at end of August",BTC-1SEP23-28000-C,1,long_yes_short_proxy,1692928800,1692932400,1.0,-0.010974336700188783,-0.00016758260527767466,0.008492591578525327,0.09615384832655338,0.09615384832655338,0.10712818502674216,0.09674603525042236,0.0005891262762575893,4.001425388379616e-05,0.010382149776319807,-0.004766059795029206,0.0,0.010382149776319807,0.007578093517639113,0.0,0.0075701160537099,1.210785388893261,0.008574723375056407,-0.003936337387904643,0,neutral_band,2023-08-25 02:00:00+00:00,2023-08-25 03:00:00+00:00
252015,"BTC above $26,000 at end of August",BTC-1SEP23-26000-C,-1,short_yes_long_proxy,1692874800,1692950400,21.0,0.022111004155937364,-0.468364395311443,0.009988353019352088,0.6497948016415869,0.06000000037600006,0.6276837974856495,0.5381712022923733,-0.0002627665125626485,0.00045439248016423094,0.5002822060723106,0.4702532659483657,0.5897948012655868,-0.08951259519327626,0.013181796034959177,0.0037337323462992103,0.013113411742686484,12.882085690398815,0.03883549745715303,0.0365044354811932,20,convergence,2023-08-24 11:00:00+00:00,2023-08-25 08:00:00+00:00
251932,"BTC above $28,000 at end of August",BTC-1SEP23-28000-C,1,long_yes_short_proxy,1692950400,1692972000,6.0,-0.021768945790918662,0.020028745076463197,0.017908642913378972,0.07000000197872591,0.07000000023290764,0.09176894776964457,0.05126149838869942,0.0006458660247633724,3.509576962670242e-05,0.040507447635126884,0.025396898598966093,-1.7458182677287937e-09,0.04050744938094515,0.007507614654338009,0.00010236971832760653,0.007500564663495178,1.0478273318752422,0.038658514053677914,0.024237675260402474,5,convergence,2023-08-25 08:00:00+00:00,2023-08-25 14:00:00+00:00
251932,"BTC above $28,000 at end of August",BTC-1SEP23-28000-C,-1,short_yes_long_proxy,1692975600,1692979200,1.0,0.027851326923924516,-0.007683747372165373,0.008858367734654381,0.08,0.0400000062007716,0.052148673076075486,0.04789041717391962,0.0008164212864229428,2.0701204336391168e-05,0.03574173789707254,0.021144067251661947,0.0399999937992284,-0.004258255902155866,0.0073005344415483005,0.0,0.007297136203862288,0.6569380987464803,0.054406553623959734,0.03218578324503855,0,neutral_band,2023-08-25 15:00:00+00:00,2023-08-25 16:00:00+00:00
252015,"BTC above $26,000 at end of August",BTC-1SEP23-26000-C,1,long_yes_short_proxy,1692954000,1693018800,18.0,-0.46833347994380825,0.3764672418461382,0.009646453429034581,0.06000000037600006,0.919999997585301,0.5283334803198083,0.5542080395417806,-9.439041140149318e-05,0.0004177656521843812,0.8341254379873287,0.8010396697444914,0.859999997209301,-0.025874559221972238,0.012488562093197784,0.005942970979666293,0.014654235169973232,11.006842350535402,0.07578244617510622,0.07277651884470995,17,convergence,2023-08-25 09:00:00+00:00,2023-08-26 03:00:00+00:00
251932,"BTC above $28,000 at end of August",BTC-1SEP23-28000-C,1,long_yes_short_proxy,1692982800,1693018800,10.0,-0.008545179193796958,0.020620298107983527,0.008179438340153125,0.0400000062007716,0.07,0.048545185394568556,0.05051678565669204,0.0008148556325512571,1.9006796101081732e-05,0.02802839353710492,0.013167191809344909,0.029999993799228408,-0.0019716002621234865,0.007276203223080717,0.0002166320806633527,0.007368366424015945,0.569640151953018,0.0492036831340088,0.023114929248229846,9,convergence,2023-08-25 17:00:00+00:00,2023-08-26 03:00:00+00:00
252015,"BTC above $26,000 at end of August",BTC-1SEP23-26000-C,-1,short_yes_long_proxy,1693022400,1693036800,4.0,0.38333798393666874,-0.4515340120022071,0.008347249140102537,0.919999997585301,0.0700000093001022,0.5366620136486323,0.5224443367865046,-0.00014480248621497648,0.0006131909769389577,0.8357823114230711,0.8048575399417404,0.8499999882851988,-0.014217676862127715,0.0150348847426767,0.0008157422143234789,0.015074144524330665,16.956934534532547,0.04928852616143636,0.04746480198426548,3,convergence,2023-08-26 04:00:00+00:00,2023-08-26 08:00:00+00:00
251932,"BTC above $28,000 at end of August",BTC-1SEP23-28000-C,-1,short_yes_long_proxy,1693022400,1693058400,10.0,0.02102525254197416,0.0071482836118850965,0.008186980869640549,0.07,0.040000000000000036,0.048974747458025845,0.03496001049113262,0.0008733724895292774,2.118008155109778e-05,0.015985263033106746,0.0012908383298355442,0.02999999999999997,-0.014014736966893225,0.007306977292345151,0.00010442189834806828,0.007283025512577983,0.6607357325118675,0.024193126308360558,0.001953637840847906,9,neutral_band,2023-08-26 04:00:00+00:00,2023-08-26 14:00:00+00:00
252015,"BTC above $26,000 at end of August",BTC-1SEP23-26000-C,1,long_yes_short_proxy,1693040400,1693317600,77.0,-0.43603992745018727,-0.0345845817327568,0.007980380788212399,0.0700000093001022,0.92,0.5060399367502895,1.4078100942502836,-5.335375866459403e-05,0.0005825973580377494,-0.05177016680009627,-0.11284028292115741,0.8499999906998978,-0.9017701574999941,0.014590089558961357,0.03017360472527303,0.01630642183682676,15.239356279930073,-0.0033971360633044943,-0.007404530798309756,76,neutral_band,2023-08-26 09:00:00+00:00,2023-08-29 14:00:00+00:00
251932,"BTC above $28,000 at end of August",BTC-1SEP23-28000-C,-1,short_yes_long_proxy,1693065600,1693317600,70.0,0.027684195184364296,0.05913077897998997,0.008075228787730749,0.06000000000000005,0.33,0.03231580481563576,0.2316173420978167,0.0009609155244969378,1.4761844391270463e-05,-0.07069846271781902,-0.08618635030244826,-0.26999999999999996,0.19930153728218095,0.0072142064456095075,0.0008598447260316289,0.007413836412988116,0.47189916395517084,-0.14981688487275044,-0.1826372176209995,69,neutral_band,2023-08-26 16:00:00+00:00,2023-08-29 14:00:00+00:00
251932,"BTC above $28,000 at end of August",BTC-1SEP23-28000-C,-1,short_yes_long_proxy,1693321200,1693324800,1.0,0.04504348521887733,-0.03770674677089547,0.027718201091113566,0.27,0.46,0.2249565147811227,0.4818311506615309,0.0005810337790257198,0.00021530582984431333,0.06687463588040826,0.04661051231738944,-0.19,0.25687463588040826,0.010047934730520031,0.0,0.01021618883249879,6.294163937112052,0.010624864008720484,0.007405354036389417,0,convergence,2023-08-29 15:00:00+00:00,2023-08-29 16:00:00+00:00
251932,"BTC above $28,000 at end of August",BTC-1SEP23-28000-C,-1,short_yes_long_proxy,1693328400,1693332000,1.0,0.031095874610535368,-0.013694476677681588,0.013954940492331841,0.4688630171783437,0.4688630171783437,0.43776714256780835,0.4813882859658758,0.00012609740616524638,0.0004881366046710973,0.04362114339806744,0.01590993826071222,-0.0,0.04362114339806744,0.013844131020811837,0.0,0.013867074116543384,14.129691609750482,0.003087197130896033,0.001125993312531552,0,convergence,2023-08-29 17:00:00+00:00,2023-08-29 18:00:00+00:00
251932,"BTC above $28,000 at end of August",BTC-1SEP23-28000-C,1,long_yes_short_proxy,1693335600,1693346400,3.0,-0.03678857841606542,0.045737912603087294,0.016300861562336913,0.36,0.3399999693999951,0.3967885784160654,0.2763300114369436,0.00024435223577132134,0.0004799341800982923,0.10045853637911695,0.06962586765497009,-0.02000003060000488,0.12045856697912183,0.013738490132101662,0.003922515262683887,0.01317166332936131,13.792095715154186,0.0072837760449079,0.005048244232997024,2,convergence,2023-08-29 19:00:00+00:00,2023-08-29 22:00:00+00:00
252015,"BTC above $26,000 at end of August",BTC-1SEP23-26000-C,1,long_yes_short_proxy,1693328400,1693353600,7.0,-0.1697834346447019,-0.009132578299579808,0.06684714439445998,0.82,0.97,0.9897834346447019,0.9707486151018418,-0.00052924803164402,0.0005358356032135838,0.16903481954286004,0.13783282166672484,0.15000000000000002,0.019034819542860015,0.01528761391506019,0.0007154026722153866,0.015198981288859615,16.784089885637716,0.010071134073674411,0.008212111744269763,6,neutral_band,2023-08-29 17:00:00+00:00,2023-08-30 00:00:00+00:00
251932,"BTC above $28,000 at end of August",BTC-1SEP23-28000-C,1,long_yes_short_proxy,1693350000,1693357200,2.0,-0.258886111162423,-0.00559071314399881,0.015801305457120544,0.07457364359556518,0.23,0.33345975475798817,0.24302640915649754,0.0003848701194523968,0.00039838075505822096,0.24585970200592547,0.22069940471697932,0.15542635640443483,0.09043334560149063,0.012606804928127463,0.0007406725806618024,0.011812819780156882,11.224173056193528,0.02190448247501489,0.019662865461183957,1,neutral_band,2023-08-29 23:00:00+00:00,2023-08-30 01:00:00+00:00
251932,"BTC above $28,000 at end of August",BTC-1SEP23-28000-C,-1,short_yes_long_proxy,1693360800,1693368000,2.0,0.02211775024651258,0.0005015893090794532,0.008991303109380866,0.19,0.17000000000000004,0.16788224975348742,0.1760081209656752,0.0007245708173712048,0.0002036823428447376,0.028125871212187736,0.00831150430146921,0.019999999999999962,0.008125871212187774,0.00988600694865193,1.910534674099738e-05,0.009909254615325597,5.890535710741009,0.004774756082184858,0.001410992940135092,1,neutral_band,2023-08-30 02:00:00+00:00,2023-08-30 04:00:00+00:00
251932,"BTC above $28,000 at end of August",BTC-1SEP23-28000-C,-1,short_yes_long_proxy,1693371600,1693378800,2.0,0.11624003347373732,0.013734510907451009,0.025397185788442515,0.2656737667450192,0.16000000000000003,0.14943373327128187,0.15246697588049773,0.000854253054124737,0.00022292510645639365,0.10870700935423502,0.08839141867201913,0.10567376674501916,0.0030332426092158637,0.010155282144504015,0.0007010430162715191,0.009459265521440363,6.505849312599278,0.016709118845361543,0.013586453424434475,1,neutral_band,2023-08-30 05:00:00+00:00,2023-08-30 07:00:00+00:00
252015,"BTC above $26,000 at end of August",BTC-1SEP23-26000-C,1,long_yes_short_proxy,1693375200,1693404000,8.0,-0.023634908562991774,0.0056086031284667826,0.0151871845150937,0.95,0.96,0.9736349085629917,0.9404616084847213,-0.0005041466865122088,0.0005291616827882735,0.04317330007827047,0.012620702110075672,0.010000000000000009,0.03317330007827046,0.014837447135730812,0.0016363100016353,0.014078840830828686,16.181663200556,0.002668038479307062,0.0007799384991304248,6,neutral_band,2023-08-30 06:00:00+00:00,2023-08-30 14:00:00+00:00
252015,"BTC above $26,000 at end of August",BTC-1SEP23-26000-C,1,long_yes_short_proxy,1693407600,1693497600,25.0,-0.031382378055709315,0.3382901556128488,0.010945763770219344,0.96,0.96,0.9913823780557093,0.8611589390030776,-0.0002460432454038896,0.0002602884607036416,0.13022343905263167,0.10722140137217992,0.0,0.13022343905263167,0.010791974599878129,0.0020410553341781703,0.010169007746395448,8.355203373543096,0.015585908951658383,0.01283288946762187,23,convergence,2023-08-30 15:00:00+00:00,2023-08-31 16:00:00+00:00
252015,"BTC above $26,000 at end of August",BTC-1SEP23-26000-C,1,long_yes_short_proxy,1693501200,1693515600,4.0,-0.09998971880005714,0.11977829978387056,0.007800109931944919,0.9,0.6699999999999999,0.9999897188000572,0.8204297600615291,-3.340634959188969e-08,3.3519393293367115e-08,-0.05044004126147206,-0.13246285189805704,-0.2300000000000001,0.17955995873852804,0.007000450010329514,0.034055722406163454,0.040966638220092014,0.9008934247423331,-0.05598891042622333,-0.14703498578196758,3,convergence,2023-08-31 17:00:00+00:00,2023-08-31 21:00:00+00:00
252015,"BTC above $26,000 at end of August",BTC-1SEP23-26000-C,-1,short_yes_long_proxy,1693522800,1693526400,1.0,0.4417308282440299,-0.08636739637747326,0.11197376647494406,0.6699999999999999,0.6699999999999999,0.22826917175597,0.5442029539842395,0.00286997466719592,0.0020405028669003293,0.31593378222826946,0.2486108226193862,-0.0,0.31593378222826946,0.03357111464817664,0.0,0.03375184496070662,53.722937496517616,0.0058807987230547224,0.00462764759718326,0,neutral_band,2023-08-31 23:00:00+00:00,2023-09-01 00:00:00+00:00
251932,"BTC above $28,000 at end of August",BTC-1SEP23-28000-C,-1,short_yes_long_proxy,1693382400,1693548000,46.0,0.02838682417741961,0.001296737479785464,0.011463107704868518,0.16000000000000003,0.010000000000000009,0.13161317582258042,0.007939490841816246,0.0008887532720391882,0.00022204164844914166,0.026326315019235852,0.0002519152293922102,0.15000000000000002,-0.12367368498076417,0.010142396597432683,0.008924204854714587,0.00700779833769637,6.3759267700138365,0.0041290177834302074,3.9510370567142435e-05,45,neutral_band,2023-08-30 08:00:00+00:00,2023-09-01 06:00:00+00:00
252196,"BTC above $27,000 at end of September",BTC-29SEP23-27000-C,-1,short_yes_long_proxy,1694203200,1694246400,12.0,0.08719121047363587,-0.11993301295703307,0.008685982416799007,0.38,0.16000000516923196,0.29280878952636413,0.280293773470246,0.00022804329737565016,9.93428064646875e-05,0.2074849787746499,0.19051331033988286,0.21999999483076804,-0.012515016056118156,0.008357417608464857,0.00020797620567185833,0.008406274620630289,3.0416762719217716,0.06821402418461782,0.06263431519604616,11,convergence,2023-09-08 20:00:00+00:00,2023-09-09 08:00:00+00:00
252015,"BTC above $26,000 at end of August",BTC-1SEP23-26000-C,-1,short_yes_long_proxy,1693530000,1694592000,295.0,0.566066006683914,0.8573642845764948,0.020468011642576757,0.97,0.99,0.40393399331608587,-11.672076366953874,0.001393268110662512,0.00367552497735848,-12.09601036026996,-15.616793285994861,-0.020000000000000018,-12.07601036026996,0.054805095932311976,3.438280338709156,0.027697491083432994,96.53241536357193,-0.1253051662978961,-0.161777711944501,265,expiry,2023-09-01 01:00:00+00:00,2023-09-13 08:00:00+00:00
252196,"BTC above $27,000 at end of September",BTC-29SEP23-27000-C,1,long_yes_short_proxy,1694250000,1694610000,100.0,-0.12058244992471173,0.029386870063859594,0.008704350134563962,0.16000000516923196,0.3599999920799998,0.2805824550939437,0.3231592342505043,0.00025889929798291676,9.76417478948796e-05,0.1574232077542072,0.1359011114900959,0.1999999869107678,-0.04257677915656061,0.008335563713718148,0.004870567129642024,0.008315965420751149,2.7768664245316903,0.05669095436621736,0.04894045687235935,99,convergence,2023-09-09 09:00:00+00:00,2023-09-13 13:00:00+00:00
252196,"BTC above $27,000 at end of September",BTC-29SEP23-27000-C,-1,short_yes_long_proxy,1694613600,1694620800,2.0,0.01402809287693546,0.00362006352581018,0.012945360085334305,0.3599999920799998,0.3599999920799998,0.3459718992030643,0.35643161474335416,0.0001569933853913098,0.000124727874010249,0.010459715540289849,-0.0071042583442798325,-0.0,0.010459715540289849,0.00869607230971622,8.29542029446524e-05,0.008784947371908809,3.7064538139546714,0.0028220277562637846,-0.0019167265264530056,1,neutral_band,2023-09-13 14:00:00+00:00,2023-09-13 16:00:00+00:00
252196,"BTC above $27,000 at end of September",BTC-29SEP23-27000-C,-1,short_yes_long_proxy,1694624400,1694649600,7.0,0.035392527751318015,-0.037886119758285874,0.010222606045958618,0.3599999920799998,0.3599999920799998,0.32460746432868176,0.39531320402394066,0.00018564031003514357,0.00011406812230544846,0.0707057396952589,0.053097082765079046,-0.0,0.0707057396952589,0.008554483880536177,0.0003535059115673426,0.008700667138076339,3.419546589814798,0.020676934160177157,0.015527521374684583,6,convergence,2023-09-13 17:00:00+00:00,2023-09-14 00:00:00+00:00
252196,"BTC above $27,000 at end of September",BTC-29SEP23-27000-C,-1,short_yes_long_proxy,1694653200,1694671200,5.0,0.022553314634068122,0.00575754041479587,0.008591198289763693,0.3599999920799998,0.3599999920799998,0.33744667744593165,0.35311409357642143,0.00017264799650070525,0.0001225453899171181,0.015667416130489775,-0.0019251792628781923,-0.0,0.015667416130489775,0.008667843926060882,0.00023464409849340907,0.008690107368813677,3.648215946815941,0.004294541868927427,-0.0005277043055958444,4,neutral_band,2023-09-14 01:00:00+00:00,2023-09-14 06:00:00+00:00
252196,"BTC above $27,000 at end of September",BTC-29SEP23-27000-C,-1,short_yes_long_proxy,1694682000,1694685600,1.0,0.00934333675063953,0.00045785448178198296,0.008555245847100577,0.3599999920799998,0.3599999920799998,0.35065665532936025,0.3594837973491982,0.00016416960418671775,0.00013490269648263744,0.008827142019837975,-0.008845131723496902,-0.0,0.008827142019837975,0.008833580710335832,0.0,0.008838693032999044,3.9818466619256303,0.0022168462950226085,-0.0022213642248140653,0,neutral_band,2023-09-14 09:00:00+00:00,2023-09-14 10:00:00+00:00
252196,"BTC above $27,000 at end of September",BTC-29SEP23-27000-C,1,long_yes_short_proxy,1694689200,1694707200,5.0,-0.021851186102214704,0.07169623702655054,0.010293782202431559,0.3599999920799998,0.48999998039999687,0.3818511781822145,0.4184220763515665,0.00012566299835885903,0.00015676972987932242,0.0934290901506451,0.07489597612212018,0.1299999883199971,-0.036570898169351995,0.009124604178939382,0.00020256024698246927,0.009205949602603064,4.571302860481804,0.02043817550535208,0.016383945323243432,4,convergence,2023-09-14 11:00:00+00:00,2023-09-14 16:00:00+00:00
252196,"BTC above $27,000 at end of September",BTC-29SEP23-27000-C,-1,short_yes_long_proxy,1694710800,1695031200,89.0,0.06692247543523544,-0.04375110741648219,0.008263126027290749,0.48999998039999687,0.48999998039999687,0.42307750496476143,0.5365209699768823,6.948106327968613e-05,0.00018522717234040485,0.11344346501212083,0.086941615106452,-0.0,0.11344346501212083,0.00950112650514754,0.006952194992254611,0.01004852840826669,5.468355687686875,0.020745443692984724,0.0158990416995403,88,convergence,2023-09-14 17:00:00+00:00,2023-09-18 10:00:00+00:00
251932,"BTC above $28,000 at end of August",BTC-1SEP23-28000-C,1,long_yes_short_proxy,1695034800,1695056400,6.0,-0.009085934430670836,-0.0033321315786733682,0.007944123522535316,0.010000000000000009,0.010000000000000009,0.019085934430670845,0.0015104940695163105,0.0052971009458731245,1.861594275626762e-05,0.017575440361154535,0.0019761482790107135,0.0,0.017575440361154535,0.00726478116705909,0.000957672017454529,0.007376838897630202,0.530914922766061,0.03310406170085911,0.0037221562142480424,5,neutral_band,2023-09-18 11:00:00+00:00,2023-09-18 17:00:00+00:00
251932,"BTC above $28,000 at end of August",BTC-1SEP23-28000-C,1,long_yes_short_proxy,1695114000,1695128400,4.0,-0.011016388461791933,-0.005680196083792877,0.007957561697150946,0.010000000000000009,0.010000000000000009,0.021016388461791942,0.0164778415781979,0.0057717021557913036,2.294028940139878e-05,0.004538546883594043,-0.01035864436230425,0.0,0.004538546883594043,0.007325728415956468,0.0005037908862711363,0.007067671943670687,0.65200313008388,0.006960928060284251,-0.015887415081844183,3,neutral_band,2023-09-19 09:00:00+00:00,2023-09-19 13:00:00+00:00
251932,"BTC above $28,000 at end of August",BTC-1SEP23-28000-C,1,long_yes_short_proxy,1695132000,1695146400,4.0,-0.008646994131016848,-0.007896764321041288,0.007941046024843443,0.010000000000000009,0.010000000000000009,0.018646994131016857,0.008029486169426558,0.0051884722854363356,1.7704066309753497e-05,0.010617507961590299,-0.005352438454557641,0.0,0.010617507961590299,0.007251921777286222,0.0015122358816367257,0.007205788757224992,0.5053807930818384,0.021008926549907412,-0.010590902004641278,3,neutral_band,2023-09-19 14:00:00+00:00,2023-09-19 18:00:00+00:00
251932,"BTC above $28,000 at end of August",BTC-1SEP23-28000-C,1,long_yes_short_proxy,1695150000,1695178800,8.0,-0.009009676906303641,-0.007593236644597552,0.007943589459447896,0.010000000000000009,0.010000000000000009,0.01900967690630365,0.013353786732501871,0.005278248031462116,1.8455644939267788e-05,0.005655890173801779,-0.00967584629922302,0.0,0.005655890173801779,0.0072625208392197525,0.0008701974464514681,0.007199018187353577,0.5264263108726305,0.010743935204200363,-0.018380248288091556,7,neutral_band,2023-09-19 19:00:00+00:00,2023-09-20 03:00:00+00:00
251932,"BTC above $28,000 at end of August",BTC-1SEP23-28000-C,1,long_yes_short_proxy,1695196800,1695200400,1.0,-0.008775486911972535,-0.006614711676670524,0.007941947771040082,0.010000000000000009,0.010000000000000009,0.018775486911972544,0.016313786620365867,0.005220299396505627,1.7968300598523613e-05,0.002461700291606677,-0.01204834596150911,0.0,0.002461700291606677,0.007255648344545585,0.0,0.0072543979085702036,0.5127798228287631,0.004800696482218516,-0.02349613893745682,0,neutral_band,2023-09-20 08:00:00+00:00,2023-09-20 09:00:00+00:00
251932,"BTC above $28,000 at end of August",BTC-1SEP23-28000-C,1,long_yes_short_proxy,1695214800,1695218400,1.0,-0.008386670608385605,-0.00774773194504115,0.007939216917922716,0.010000000000000009,0.010000000000000009,0.018386670608385614,0.017720997949511985,0.005123920424097041,1.7175564300561286e-05,0.0006656726588736284,-0.013822924716448349,0.0,0.0006656726588736284,0.007244467394456943,0.0,0.007244129980865034,0.4905817738385218,0.0013569045862937804,-0.02817659655044228,0,neutral_band,2023-09-20 13:00:00+00:00,2023-09-20 14:00:00+00:00
251932,"BTC above $28,000 at end of August",BTC-1SEP23-28000-C,1,long_yes_short_proxy,1695222000,1695236400,4.0,-0.00883113236787876,-0.00492282215991089,0.007942338063066653,0.010000000000000009,0.010000000000000009,0.01883113236787877,0.01443448787437962,0.005234075385340891,1.8083423952355626e-05,0.004396644493499149,-0.010247743466755853,0.0,0.004396644493499149,0.0072572718813815,0.00017678529060253015,0.007210330788270971,0.5160034789790003,0.00852057141591109,-0.019859834059709706,3,neutral_band,2023-09-20 15:00:00+00:00,2023-09-20 19:00:00+00:00
252196,"BTC above $27,000 at end of September",BTC-29SEP23-27000-C,-1,short_yes_long_proxy,1695034800,1695261600,63.0,0.15272882941936106,-0.04255333091908664,0.011698072669733836,0.7,0.44999999999999996,0.5472711705806389,0.4953181406651641,-0.00011461548573166225,0.000306745640011026,0.1980469700845252,0.1621072216023935,0.25,-0.05195302991547479,0.011242821148951629,0.012669977729422176,0.012026949603757876,9.133252201222032,0.02168416744892104,0.017749123535721865,62,convergence,2023-09-18 11:00:00+00:00,2023-09-21 02:00:00+00:00
252196,"BTC above $27,000 at end of September",BTC-29SEP23-27000-C,1,long_yes_short_proxy,1695265200,1695286800,6.0,-0.06117319110252262,0.028302547853146676,0.008123111960466394,0.44999999999999996,0.44999999999999996,0.5111731911025226,0.4185873049240314,-6.289975646302607e-05,0.00035057995381224675,0.09258588617849117,0.06803140162132504,0.0,0.09258588617849117,0.011765076417459717,0.0011099770422965105,0.011679431097409904,9.960766117291449,0.009295056734417865,0.006829936655497366,5,convergence,2023-09-21 03:00:00+00:00,2023-09-21 09:00:00+00:00
252196,"BTC above $27,000 at end of September",BTC-29SEP23-27000-C,-1,short_yes_long_proxy,1695290400,1695376800,24.0,0.052758133457163126,0.0022327660260731963,0.00994214891577392,0.44999999999999996,0.35000000256795194,0.39724186654283683,0.35760012725171997,0.00016072847373141915,0.00022109343368713918,0.060358258140931154,0.03637953655356523,0.09999999743204802,-0.03964173929111686,0.009994662146537105,0.002923023868513456,0.011061035572315364,6.403336191289209,0.009426064216812422,0.0056813410176798475,23,neutral_band,2023-09-21 10:00:00+00:00,2023-09-22 10:00:00+00:00
252196,"BTC above $27,000 at end of September",BTC-29SEP23-27000-C,1,long_yes_short_proxy,1695380400,1695384000,1.0,-0.018313948956574067,-0.0011327806518452443,0.01176252443045843,0.35000000256795194,0.35000000256795194,0.368313951524526,0.3508407745765725,0.0002974254137065121,0.00025161971107183316,0.017473176947953528,-0.0033418653666712986,0.0,0.017473176947953528,0.010412496877025234,0.0,0.010402545437599593,7.1298209781111925,0.0024507174866797935,-0.0004687165886676462,0,neutral_band,2023-09-22 11:00:00+00:00,2023-09-22 12:00:00+00:00
252196,"BTC above $27,000 at end of September",BTC-29SEP23-27000-C,1,long_yes_short_proxy,1695391200,1695394800,1.0,-0.023840626514361585,-0.009602118520448566,0.00984769104061297,0.35000000256795194,0.35000000256795194,0.3738406290823135,0.35957114613875785,0.0003069828968555704,0.0002751421748749148,0.014269482943555678,-0.0071812961557972226,0.0,0.014269482943555678,0.010729576471432174,0.0,0.010721202627920727,7.764922818955059,0.0018376850969751108,-0.0009248380599826264,0,neutral_band,2023-09-22 14:00:00+00:00,2023-09-22 15:00:00+00:00
252196,"BTC above $27,000 at end of September",BTC-29SEP23-27000-C,-1,short_yes_long_proxy,1695402000,1695488400,24.0,0.0228433471993999,-0.11196287084349676,0.014078156427396238,0.35000000256795194,0.19999999999999996,0.32715665536855204,0.31346367764127514,0.00047237925039661695,0.00023926856287799598,0.13630702484067508,0.1121754114945761,0.15000000256795198,-0.0136929777272769,0.010250314186916843,0.0027354071676981106,0.01114589199148401,6.79789186241151,0.020051367041358174,0.016501499842155855,23,convergence,2023-09-22 17:00:00+00:00,2023-09-23 17:00:00+00:00
252196,"BTC above $27,000 at end of September",BTC-29SEP23-27000-C,1,long_yes_short_proxy,1695492000,1695582000,25.0,-0.13838468243883506,0.4648567597904884,0.013887297772126174,0.19999999999999996,0.76,0.338384682438835,0.29267940722712726,0.00045727897927630505,0.0002580210307494352,0.6057052752117078,0.5821008608504188,0.56,0.04570527521170775,0.010502953696384296,0.0030460315852341427,0.010055429079670641,7.15477409148273,0.08465749826158153,0.08135838440285209,24,convergence,2023-09-23 18:00:00+00:00,2023-09-24 19:00:00+00:00
252196,"BTC above $27,000 at end of September",BTC-29SEP23-27000-C,-1,short_yes_long_proxy,1695585600,1695646800,17.0,0.4551298599387938,-0.0013722259990570085,0.008702856153519654,0.76,0.18000000000000005,0.3048701400612062,0.18277835809731702,0.0005241050719567266,0.0002020927864752758,0.45790821803611076,0.4367226332916305,0.58,-0.1220917819638892,0.00975021052906207,0.001992537047455899,0.009442837167962313,6.206249688912962,0.07378179109585814,0.07036820224487672,16,neutral_band,2023-09-24 20:00:00+00:00,2023-09-25 13:00:00+00:00
252196,"BTC above $27,000 at end of September",BTC-29SEP23-27000-C,1,long_yes_short_proxy,1695654000,1695686400,9.0,-0.0144211737130584,-0.004463492643467376,0.010613556165827109,0.18000000000000005,0.18000000000000005,0.19442117371305845,0.18228182269287352,0.001072280256803654,0.00011982933099902491,0.01213935102018493,-0.00678403266091006,0.0,0.01213935102018493,0.008639626256021557,0.0011117308232103424,0.00917202660186309,3.408608501058228,0.003561380257197674,-0.0019902645489512528,8,neutral_band,2023-09-25 15:00:00+00:00,2023-09-26 00:00:00+00:00
252196,"BTC above $27,000 at end of September",BTC-29SEP23-27000-C,1,long_yes_short_proxy,1695693600,1695711600,5.0,-0.02366117953841057,-0.010206568548656925,0.014144493880858013,0.18000000000000005,0.18000000000000005,0.20366117953841062,0.18999191555559714,0.0012035233858521152,0.0001435347607131059,0.013669263982813484,-0.004612384742102327,0.0,0.013669263982813484,0.00896016514535129,0.0005812643472101314,0.008740219232354391,4.048939890267628,0.003376010598643382,-0.0011391586111685783,4,neutral_band,2023-09-26 02:00:00+00:00,2023-09-26 07:00:00+00:00
252196,"BTC above $27,000 at end of September",BTC-29SEP23-27000-C,1,long_yes_short_proxy,1695722400,1695726000,1.0,-0.011558627813170269,-0.004432640208998251,0.010852054220512818,0.18000000000000005,0.18000000000000005,0.19155862781317032,0.1845719883039294,0.0011625987431482618,0.00011859620204684204,0.006986639509240916,-0.01025237934432069,0.0,0.006986639509240916,0.008622618119229927,0.0,0.00861640073433168,3.3757929600875434,0.0020696291484237628,-0.0030370284746534986,0,neutral_band,2023-09-26 10:00:00+00:00,2023-09-26 11:00:00+00:00
252196,"BTC above $27,000 at end of September",BTC-29SEP23-27000-C,-1,short_yes_long_proxy,1695729600,1695812400,23.0,0.015901069057645184,-0.11901491433151551,0.008555929694584803,0.18000000000000005,0.25,0.16409893094235486,0.38497211996977754,0.0014418434702540694,0.00010308789189757446,0.15087318902742272,0.12983810132456494,-0.06999999999999995,0.22087318902742267,0.008411647374668292,0.003319640500450497,0.009303799827738981,2.957938967661497,0.051006187307069704,0.04389478712848934,22,convergence,2023-09-26 12:00:00+00:00,2023-09-27 11:00:00+00:00
252196,"BTC above $27,000 at end of September",BTC-29SEP23-27000-C,1,long_yes_short_proxy,1695816000,1695819600,1.0,-0.11070850449560171,-0.020391028820006873,0.02050325362763361,0.25,0.25,0.3607085044956017,0.29233908427741184,0.00047552794892691513,0.00029630087355551584,0.06836942021818987,0.04637848482909193,0.0,0.06836942021818987,0.011018666385493666,0.0,0.010972269003604273,8.241601057927852,0.008295647864734147,0.0056273634823028745,0,neutral_band,2023-09-27 12:00:00+00:00,2023-09-27 13:00:00+00:00
252196,"BTC above $27,000 at end of September",BTC-29SEP23-27000-C,-1,short_yes_long_proxy,1695823200,1695913200,25.0,0.09674859297314109,-0.11078299047122442,0.05121745606936322,0.25,0.4,0.1532514070268589,0.6079219201808168,0.001745372745318763,8.998367075626365e-05,0.3046705131539579,0.27914949756245483,-0.15000000000000002,0.4546705131539579,0.008232954311779788,0.00893010413021169,0.008357957149511616,2.6747762967570217,0.11390504451656368,0.10436368002098119,24,convergence,2023-09-27 14:00:00+00:00,2023-09-28 15:00:00+00:00
251932,"BTC above $28,000 at end of August",BTC-1SEP23-28000-C,1,long_yes_short_proxy,1695920400,1695924000,1.0,-0.008360179168855245,-0.005505055228981037,0.007939030616481591,0.010000000000000009,0.010000000000000009,0.018360179168855253,0.014945627946587103,0.005117346061858075,1.7122293574303908e-05,0.00341455122226815,-0.011071144910922029,0.0,0.00341455122226815,0.007243715965805265,0.0,0.0072419801673849135,0.4890900946216349,0.006981436058135019,-0.02263620758765679,0,neutral_band,2023-09-28 17:00:00+00:00,2023-09-28 18:00:00+00:00
252196,"BTC above $27,000 at end of September",BTC-29SEP23-27000-C,1,long_yes_short_proxy,1695916800,1695952800,10.0,-0.15437667329415017,0.0011151908847756298,0.04222294960360519,0.4,0.4,0.5543766732941502,0.2943493701578035,-0.0004238287790246764,0.0009945443721324516,0.2600273031363467,0.17034890049676804,0.0,0.2600273031363467,0.020526906065964325,0.0396998408136853,0.029451655759929016,27.405620002483605,0.009488101459218292,0.0062158382288497885,9,neutral_band,2023-09-28 16:00:00+00:00,2023-09-29 02:00:00+00:00
252196,"BTC above $27,000 at end of September",BTC-29SEP23-27000-C,1,long_yes_short_proxy,1695956400,1695963600,2.0,-0.04634369454732756,0.19259008630594487,0.01281401800497234,0.4,0.6699999195999292,0.4463436945473276,0.4674051941384896,0.0009298822360439053,0.0010377565568599396,0.2489384200087672,0.20689389967152466,0.2699999195999292,-0.021061499591161992,0.021017296326439047,0.00017846592071106356,0.020848758090092418,28.413533777257207,0.008761262219626578,0.007281526518082271,1,convergence,2023-09-29 03:00:00+00:00,2023-09-29 05:00:00+00:00
251932,"BTC above $28,000 at end of August",BTC-1SEP23-28000-C,1,long_yes_short_proxy,1695970800,1695974400,1.0,-0.008422118752375612,-0.005924606715612457,0.007939466159555762,0.010000000000000009,0.010000000000000009,0.01842211875237562,0.015507050911638343,0.005132716014859494,1.7246993350197824e-05,0.0029150678407372788,-0.011574400453414388,0.0,0.0029150678407372788,0.007245474944420249,0.0,0.007243993349731418,0.4925819192671515,0.005917935122495419,-0.023497412309884277,0,neutral_band,2023-09-29 07:00:00+00:00,2023-09-29 08:00:00+00:00
252196,"BTC above $27,000 at end of September",BTC-29SEP23-27000-C,-1,short_yes_long_proxy,1695967200,1696042800,21.0,0.14028194363440194,-0.24296692603024428,0.03667995720454872,0.6699999195999292,0.17000078020082698,0.5297179759655273,0.4163076350541459,-0.0003554040721952352,0.0006290735488902888,0.3865887984877209,0.32345963872439304,0.49999913939910223,-0.11341034091138136,0.015569758933496288,0.024106009500545925,0.02345339132928563,17.771973842226593,0.02175272155584528,0.01820054663572855,19,convergence,2023-09-29 06:00:00+00:00,2023-09-30 03:00:00+00:00
252196,"BTC above $27,000 at end of September",BTC-29SEP23-27000-C,1,long_yes_short_proxy,1696046400,1696129200,23.0,-0.2554122562834929,0.32741991972267204,0.008351124066805451,0.17000078020082698,0.95,0.4254130364843199,0.5044955109867857,0.0005114840527196762,0.0009257529014426395,0.7009167452967071,0.609578189881175,0.779999219799173,-0.0790824745024658,0.01951282431664999,0.04374466514571716,0.028081065953164983,25.162581969492475,0.02785551761526341,0.024225581882663612,22,convergence,2023-09-30 04:00:00+00:00,2023-10-01 03:00:00+00:00
251932,"BTC above $28,000 at end of August",BTC-1SEP23-28000-C,1,long_yes_short_proxy,1696140000,1696143600,1.0,-0.007947035523898714,-0.007690487055556149,0.007936121202950716,0.010000000000000009,0.010000000000000009,0.017947035523898723,0.017684304367678372,0.005014688167058362,1.630369355323025e-05,0.0002627311562203513,-0.014201471274069058,0.0,0.0002627311562203513,0.007232167501063887,0.0,0.007232034929225522,0.46616772995073014,0.000563597905518084,-0.030464295063002387,0,neutral_band,2023-10-01 06:00:00+00:00,2023-10-01 07:00:00+00:00
251932,"BTC above $28,000 at end of August",BTC-1SEP23-28000-C,1,long_yes_short_proxy,1696147200,1696168800,6.0,-0.008014521624498831,-0.0076660690459361795,0.007936596974938216,0.010000000000000009,0.010000000000000009,0.01801452162449884,0.016842888298263747,0.005031474112316199,1.6435851214556267e-05,0.0011716333262350928,-0.013591984598288299,0.0,0.0011716333262350928,0.007234032111344248,0.00019691719844828885,0.007332668614730855,0.46986840419220244,0.0024935350318976315,-0.028927215528900336,5,neutral_band,2023-10-01 08:00:00+00:00,2023-10-01 14:00:00+00:00
251932,"BTC above $28,000 at end of August",BTC-1SEP23-28000-C,1,long_yes_short_proxy,1696172400,1696176000,1.0,-0.008307435090698333,-0.007593236644597552,0.007938659631152426,0.010000000000000009,0.010000000000000009,0.01830743509069834,0.017560188235659302,0.0051042547036655355,1.7016516419261576e-05,0.0007472468550390396,-0.013736821907292897,0.0,0.0007472468550390396,0.00724222385888592,0.0,0.0072418449034460175,0.486128139902693,0.001537139683353064,-0.02825761518360686,0,neutral_band,2023-10-01 15:00:00+00:00,2023-10-01 16:00:00+00:00
252196,"BTC above $27,000 at end of September",BTC-29SEP23-27000-C,-1,short_yes_long_proxy,1696132800,1696183200,14.0,0.3463804416846913,-0.005407725104716321,0.009276620365090114,0.95,0.95,0.6036195583153087,0.7629876647057756,-0.0013645877137881102,0.002771080377560232,0.15936810639046695,0.054968324476195554,-0.0,0.15936810639046695,0.0446004555861813,0.007557839040869322,0.052241487287220764,76.0623139504572,0.002095230845780876,0.000722674891431766,2,neutral_band,2023-10-01 04:00:00+00:00,2023-10-01 18:00:00+00:00
251932,"BTC above $28,000 at end of August",BTC-1SEP23-28000-C,1,long_yes_short_proxy,1696194000,1696989600,221.0,-0.00881254502766255,-0.007577143575459293,0.007942207708022295,0.010000000000000009,0.010000000000000009,0.01881254502766256,-24.498285465589483,0.005229474250180952,1.8044922464547313e-05,24.517098010617143,17.70419397462548,0.0,24.517098010617143,0.0072567289161616175,6.797618439150036,0.008028867925468775,0.514925369841897,47.612915281577386,34.38205808360421,198,neutral_band,2023-10-01 21:00:00+00:00,2023-10-11 02:00:00+00:00
252196,"BTC above $27,000 at end of September",BTC-29SEP23-27000-C,-1,short_yes_long_proxy,1696993200,1697011200,5.0,0.42413753668946963,-0.005407725104716321,0.008122141235344913,0.95,0.95,0.5258624633105303,0.655183626386119,-0.00029809123454205944,0.0017584880167764597,0.12932116307558872,0.04927648518652512,-0.0,0.12932116307558872,0.0307803066734524,0.017382151288691215,0.031882219926919995,48.4912848727841,0.00266689495679193,0.001016192606894228,2,neutral_band,2023-10-11 03:00:00+00:00,2023-10-11 08:00:00+00:00
251932,"BTC above $28,000 at end of August",BTC-1SEP23-28000-C,1,long_yes_short_proxy,1697014800,1697032800,5.0,-0.011110911888018757,-0.007215266416553838,0.00795821572092488,0.010000000000000009,0.010000000000000009,0.021110911888018766,0.01837732900984411,0.005794810860523758,2.31653462971608e-05,0.0027335828781746563,-0.011922817073768192,0.0,0.0027335828781746563,0.007328898982649682,0.0002752254147303965,0.007052275554562771,0.6583050220438693,0.004152456363901916,-0.018111387084289412,4,neutral_band,2023-10-11 09:00:00+00:00,2023-10-11 14:00:00+00:00
252196,"BTC above $27,000 at end of September",BTC-29SEP23-27000-C,-1,short_yes_long_proxy,1697032800,1697396400,101.0,0.11738590061469334,0.33047264305306434,0.018037492778206425,0.95,0.95,0.8326140993853066,-2.177789325322294,-0.00944453003635413,0.01030722193505334,-3.010403424707601,-3.7809509995940798,-0.0,-3.010403424707601,0.14747670303126176,0.5038867511226552,0.1191841207325619,281.2891564958311,-0.010702166632407023,-0.013441509963254187,100,expiry,2023-10-11 14:00:00+00:00,2023-10-15 19:00:00+00:00
251932,"BTC above $28,000 at end of August",BTC-1SEP23-28000-C,1,long_yes_short_proxy,1697400000,1697407200,2.0,-0.009230684538997627,-0.007417853587487349,0.00794513658431613,0.010000000000000009,0.010000000000000009,0.019230684538997636,0.017468657616307615,0.005332864886411425,1.8922394028355496e-05,0.0017620269226900215,-0.012775282166582051,0.0,0.0017620269226900215,0.007269102134084645,4.4409227040184045e-05,0.007223797728147244,0.539496073110322,0.0032660607009269245,-0.023680028091640295,1,neutral_band,2023-10-15 20:00:00+00:00,2023-10-15 22:00:00+00:00
251932,"BTC above $28,000 at end of August",BTC-1SEP23-28000-C,1,long_yes_short_proxy,1697410800,1697457600,13.0,-0.00831620800706661,-0.07295146284982987,0.007938721300175979,0.010000000000000009,0.010000000000000009,0.01831620800706662,-0.2715468829992851,0.0051064308391363675,1.7034079262977502e-05,0.2898630910063517,0.1871754919322424,0.0,0.2898630910063517,0.007242471602643102,0.08223728029723909,0.013207847174227159,0.4866199272756447,0.5956662988076924,0.38464411636438656,12,expiry,2023-10-15 23:00:00+00:00,2023-10-16 12:00:00+00:00
